[{
        "ID": 1,
        "Code": "101",
        "Title": "Terracotta Handmade",
        "SubTitle": "Sharmadha Crafts",
        "Description": "Seeds of compassion ‘RUDRAKSHA’ = Rudra+Aksha, meaning “Tear Drops of Lord Shiva”. Rudraksha worshipped as a source of good luck, good health, prosperity, medical values, success, financial gains and for eradication of evil forces. We are presenting those compassionate seeds in an ingenious manner.Only a single piece per item is available. We also provide modification based on availabilty of raw materials. ",
        "Description1": "Rudraksha worshipped as a source of good luck, good health, prosperity, medical values, success, financial gains and for eradication of evil forces. We are presenting those compassionate seeds in an ingenious manner.Only a single piece per item is available. We also provide modification based on availabilty of raw materials",
        "Price": 10,
        "Discount": 2,
        "Image": "1.jpg",
        "Category": "Necklaces",
        "OtherImages": ["1_1.jpg", "1_2.jpg"]

    },
    {
        "ID": 2,
        "Code": "201",
        "Title": "Dummy Title",
        "SubTitle": "Dummy name",
        "Description": "Some description",
        "Description1": "",
        "Price": 20,
        "Discount": 2,
        "Image": "2.jpg",
        "Category": "Earrings",
        "OtherImages": []
    },
    {
        "ID": 3,
        "Code": "301",
        "Title": "Diamond shape neck",
        "SubTitle": "Dummy name",
        "Description": "Lorem Ipsum is simply dummy text of the printing and typesetting industry. Lorem Ipsum has been the industry's standard dummy text ever since the 1500s, when an unknown printer took a galley of type and scrambled it to make a type specimen book. It has survived not only five centuries, but also the leap into electronic typesetting, remaining essentially unchanged. It was popularised in the 1960s with the release of Letraset sheets containing Lorem Ipsum passages, and more recently with desktop publishing software like Aldus PageMaker including versions of Lorem Ipsum.",
        "Description1": "another",
        "Price": 800,
        "Discount": 2,
        "Image": "3.jpg",
        "Category": "Earrings",
        "OtherImages": []
    }
]